solver,benchmark,node,dim,batchSize,batchTime
test,uniform,1000000000,3,89,4.3e-05
test,uniform,1000000000,3,149,8e-06
test,uniform,1000000000,3,33,5e-06
test,uniform,1000000000,3,39,8e-06
test,uniform,1000000000,3,71,1e-05
test,uniform,1000000000,3,154,8e-06
test,uniform,1000000000,3,28,4e-06
test,uniform,1000000000,3,109,2.9e-05
test,uniform,1000000000,3,8,4e-06
test,uniform,1000000000,3,19,2e-06
test,uniform,1000000000,3,39,5e-06
test,uniform,1000000000,3,13,4e-06
test,uniform,1000000000,3,69,1.3e-05
test,uniform,1000000000,3,103,4.7e-05
test,uniform,1000000000,3,17,5.3e-05
test,uniform,1000000000,3,136,1.5e-05
test,uniform,1000000000,3,61,7e-06
test,uniform,1000000000,3,88,9e-06
test,uniform,1000000000,3,77,8e-06
test,uniform,1000000000,3,136,1.4e-05
test,uniform,1000000000,3,166,2.8e-05
test,uniform,1000000000,3,175,5.8e-05
test,uniform,1000000000,3,137,1.4e-05
test,uniform,1000000000,3,69,2.4e-05
test,uniform,1000000000,3,143,1.6e-05
test,uniform,1000000000,3,93,1.8e-05
test,uniform,1000000000,3,21,1.6e-05
test,uniform,1000000000,3,140,1.7e-05
test,uniform,1000000000,3,44,1.7e-05
test,uniform,1000000000,3,42,6e-06
test,uniform,1000000000,3,114,1.2e-05
test,uniform,1000000000,3,111,1.8e-05
test,uniform,1000000000,3,60,2.2e-05
test,uniform,1000000000,3,130,1.8e-05
test,uniform,1000000000,3,164,1.7e-05
test,uniform,1000000000,3,81,9e-06
test,uniform,1000000000,3,116,2.1e-05
test,uniform,1000000000,3,101,1.4e-05
test,uniform,1000000000,3,122,2.8e-05
test,uniform,1000000000,3,106,1.2e-05
test,uniform,1000000000,3,97,1.3e-05
test,uniform,1000000000,3,96,9e-06
test,uniform,1000000000,3,86,8e-06
test,uniform,1000000000,3,146,9.1e-05
test,uniform,1000000000,3,35,2.1e-05
test,uniform,1000000000,3,112,0.000117
test,uniform,1000000000,3,96,0.000117
test,uniform,1000000000,3,26,1.4e-05
test,uniform,1000000000,3,163,3.1e-05
test,uniform,1000000000,3,27,2e-05
test,uniform,1000000000,3,89,1e-05
test,uniform,1000000000,3,110,7e-06
test,uniform,1000000000,3,45,7e-06
test,uniform,1000000000,3,158,9e-06
test,uniform,1000000000,3,15,2e-05
test,uniform,1000000000,3,100,1.5e-05
test,uniform,1000000000,3,148,2.2e-05
test,uniform,1000000000,3,61,8e-06
test,uniform,1000000000,3,43,3.8e-05
test,uniform,1000000000,3,171,4e-05
test,uniform,1000000000,3,24,4e-06
test,uniform,1000000000,3,32,1.6e-05
test,uniform,1000000000,3,117,2.4e-05
test,uniform,1000000000,3,29,2.6e-05
test,uniform,1000000000,3,162,3.6e-05
test,uniform,1000000000,3,148,2.7e-05
test,uniform,1000000000,3,18,1e-05
test,uniform,1000000000,3,126,1.8e-05
test,uniform,1000000000,3,112,9e-06
test,uniform,1000000000,3,84,1.7e-05
test,uniform,1000000000,3,83,8e-06
test,uniform,1000000000,3,3,6e-06
test,uniform,1000000000,3,5,7e-06
test,uniform,1000000000,3,55,6e-06
test,uniform,1000000000,3,132,1.1e-05
test,uniform,1000000000,3,86,1.6e-05
test,uniform,1000000000,3,57,7e-06
test,uniform,1000000000,3,170,1.4e-05
test,uniform,1000000000,3,54,1.5e-05
test,uniform,1000000000,3,14,4e-06
test,uniform,1000000000,3,54,1.6e-05
test,uniform,1000000000,3,95,9e-06
test,uniform,1000000000,3,112,9e-06
test,uniform,1000000000,3,13,2e-06
test,uniform,1000000000,3,64,1.4e-05
test,uniform,1000000000,3,46,1.4e-05
test,uniform,1000000000,3,69,1.3e-05
test,uniform,1000000000,3,22,8e-06
test,uniform,1000000000,3,176,1.8e-05
test,uniform,1000000000,3,146,2e-05
test,uniform,1000000000,3,35,9e-06
test,uniform,1000000000,3,173,1.4e-05
test,uniform,1000000000,3,24,4e-06
test,uniform,1000000000,3,50,9e-06
test,uniform,1000000000,3,42,2.5e-05
test,uniform,1000000000,3,55,2.1e-05
test,uniform,1000000000,3,177,2e-05
test,uniform,1000000000,3,12,3e-06
test,uniform,1000000000,3,48,1.5e-05
test,uniform,1000000000,3,84,2.8e-05
test,uniform,1000000000,3,22973,0.001346
test,uniform,1000000000,3,9444,0.000657
test,uniform,1000000000,3,26827,0.001422
test,uniform,1000000000,3,12025,0.000684
test,uniform,1000000000,3,274,2.3e-05
test,uniform,1000000000,3,22387,0.000918
test,uniform,1000000000,3,16115,0.000762
test,uniform,1000000000,3,503,0.000118
test,uniform,1000000000,3,30946,0.000908
test,uniform,1000000000,3,4791,0.000545
test,uniform,1000000000,3,8921,0.00054
test,uniform,1000000000,3,29033,0.001287
test,uniform,1000000000,3,17416,0.000869
test,uniform,1000000000,3,12972,0.00067
test,uniform,1000000000,3,25867,0.00171
test,uniform,1000000000,3,28217,0.001525
test,uniform,1000000000,3,1841,0.000529
test,uniform,1000000000,3,3647,0.000219
test,uniform,1000000000,3,17217,0.000722
test,uniform,1000000000,3,16308,0.000647
test,uniform,1000000000,3,30864,0.001608
test,uniform,1000000000,3,8290,0.000642
test,uniform,1000000000,3,12863,0.000776
test,uniform,1000000000,3,2298,0.000101
test,uniform,1000000000,3,29911,0.001035
test,uniform,1000000000,3,1968,0.000316
test,uniform,1000000000,3,327,0.000124
test,uniform,1000000000,3,2659,0.000129
test,uniform,1000000000,3,17472,0.000693
test,uniform,1000000000,3,6835,0.000586
test,uniform,1000000000,3,11474,0.000473
test,uniform,1000000000,3,23811,0.00139
test,uniform,1000000000,3,25083,0.001012
test,uniform,1000000000,3,193,0.00014
test,uniform,1000000000,3,5393,0.0004
test,uniform,1000000000,3,20746,0.001556
test,uniform,1000000000,3,3010,0.001012
test,uniform,1000000000,3,12937,0.000513
test,uniform,1000000000,3,1629,0.000158
test,uniform,1000000000,3,9836,0.000418
test,uniform,1000000000,3,22380,0.000945
test,uniform,1000000000,3,29275,0.00148
test,uniform,1000000000,3,22189,0.001168
test,uniform,1000000000,3,26578,0.001017
test,uniform,1000000000,3,30059,0.001495
test,uniform,1000000000,3,7961,0.000461
test,uniform,1000000000,3,6722,0.001045
test,uniform,1000000000,3,9332,0.000464
test,uniform,1000000000,3,3824,0.000277
test,uniform,1000000000,3,26091,0.001042
test,uniform,1000000000,3,23343,0.000954
test,uniform,1000000000,3,24839,0.000999
test,uniform,1000000000,3,11182,0.000988
test,uniform,1000000000,3,1277,0.00012
test,uniform,1000000000,3,18658,0.000759
test,uniform,1000000000,3,20614,0.000888
test,uniform,1000000000,3,14817,0.000772
test,uniform,1000000000,3,22736,0.001006
test,uniform,1000000000,3,21548,0.000993
test,uniform,1000000000,3,19705,0.001368
test,uniform,1000000000,3,6879,0.000338
test,uniform,1000000000,3,7250,0.000313
test,uniform,1000000000,3,19013,0.00062
test,uniform,1000000000,3,20411,0.00083
test,uniform,1000000000,3,20169,0.000804
test,uniform,1000000000,3,22925,0.000966
test,uniform,1000000000,3,1766,0.000138
test,uniform,1000000000,3,26265,0.000982
test,uniform,1000000000,3,13935,0.000809
test,uniform,1000000000,3,26040,0.001118
test,uniform,1000000000,3,27920,0.001285
test,uniform,1000000000,3,30309,0.00118
test,uniform,1000000000,3,2330,0.000137
test,uniform,1000000000,3,7925,0.000372
test,uniform,1000000000,3,12645,0.000554
test,uniform,1000000000,3,20334,0.000674
test,uniform,1000000000,3,5450,0.000566
test,uniform,1000000000,3,25798,0.00103
test,uniform,1000000000,3,30112,0.001031
test,uniform,1000000000,3,19539,0.000844
test,uniform,1000000000,3,25819,0.001147
test,uniform,1000000000,3,23127,0.001055
test,uniform,1000000000,3,14731,0.000668
test,uniform,1000000000,3,2442,0.000287
test,uniform,1000000000,3,30836,0.001302
test,uniform,1000000000,3,5631,0.000273
test,uniform,1000000000,3,16157,0.000668
test,uniform,1000000000,3,1512,0.000306
test,uniform,1000000000,3,19202,0.000776
test,uniform,1000000000,3,15564,0.000598
test,uniform,1000000000,3,24251,0.000936
test,uniform,1000000000,3,6518,0.000356
test,uniform,1000000000,3,16534,0.001191
test,uniform,1000000000,3,3569,0.000296
test,uniform,1000000000,3,1740,0.000193
test,uniform,1000000000,3,2004,0.000238
test,uniform,1000000000,3,20440,0.000864
test,uniform,1000000000,3,13103,0.000691
test,uniform,1000000000,3,20695,0.000966
test,uniform,1000000000,3,16220,0.00079
test,uniform,1000000000,3,898453,0.011095
test,uniform,1000000000,3,878748,0.008284
test,uniform,1000000000,3,680487,0.003074
test,uniform,1000000000,3,507911,0.003692
test,uniform,1000000000,3,146285,0.002132
test,uniform,1000000000,3,71543,0.00103
test,uniform,1000000000,3,48570,0.000897
test,uniform,1000000000,3,39126,0.000733
test,uniform,1000000000,3,38852,0.000748
test,uniform,1000000000,3,74742,0.001113
test,uniform,1000000000,3,69951,0.001087
test,uniform,1000000000,3,39005,0.000573
test,uniform,1000000000,3,38502,0.000578
test,uniform,1000000000,3,361626,0.003617
test,uniform,1000000000,3,340880,0.003627
test,uniform,1000000000,3,161439,0.002192
test,uniform,1000000000,3,68342,0.001247
test,uniform,1000000000,3,55370,0.000866
test,uniform,1000000000,3,37954,0.000662
test,uniform,1000000000,3,93097,0.001778
test,uniform,1000000000,3,67230,0.001318
test,uniform,1000000000,3,39013,0.00099
test,uniform,1000000000,3,37172,0.000931
test,uniform,1000000000,3,33525,0.00088
test,uniform,1000000000,3,179441,0.002865
test,uniform,1000000000,3,148577,0.002296
test,uniform,1000000000,3,140287,0.002153
test,uniform,1000000000,3,134894,0.001914
test,uniform,1000000000,3,50026,0.001064
test,uniform,1000000000,3,37163,0.000788
test,uniform,1000000000,3,34865,0.000737
test,uniform,1000000000,3,32206,0.000672
test,uniform,1000000000,3,31879,0.000657
test,uniform,1000000000,3,84868,0.001789
test,uniform,1000000000,3,67396,0.00123
test,uniform,1000000000,3,60561,0.00113
test,uniform,1000000000,3,60368,0.001148
test,uniform,1000000000,3,48894,0.001034
test,uniform,1000000000,3,172576,0.004814
test,uniform,1000000000,3,165854,0.004313
test,uniform,1000000000,3,162844,0.002775
test,uniform,1000000000,3,76057,0.001263
test,uniform,1000000000,3,46782,0.000891
test,uniform,1000000000,3,33845,0.000633
test,uniform,1000000000,3,32216,0.000641
test,uniform,1000000000,3,86787,0.001447
test,uniform,1000000000,3,78826,0.001321
test,uniform,1000000000,3,56637,0.001007
test,uniform,1000000000,3,198261,0.004746
test,uniform,1000000000,3,98611,0.00297
test,uniform,1000000000,3,89279,0.001824
test,uniform,1000000000,3,78097,0.001286
test,uniform,1000000000,3,53258,0.000948
test,uniform,1000000000,3,49434,0.000851
test,uniform,1000000000,3,99650,0.002898
test,uniform,1000000000,3,78102,0.00163
test,uniform,1000000000,3,55366,0.000914
test,uniform,1000000000,3,40549,0.000837
test,uniform,1000000000,3,39272,0.000713
test,uniform,1000000000,3,124678,0.004327
test,uniform,1000000000,3,117799,0.004049
test,uniform,1000000000,3,91534,0.001645
test,uniform,1000000000,3,84284,0.001276
test,uniform,1000000000,3,39424,0.000607
test,uniform,1000000000,3,44860,0.000724
test,uniform,1000000000,3,43094,0.000688
test,uniform,1000000000,3,982509,0.014637
test,uniform,1000000000,3,202798,0.004795
test,uniform,1000000000,3,100534,0.002804
test,uniform,1000000000,3,39975,0.000891
test,uniform,1000000000,3,60559,0.00129
test,uniform,1000000000,3,58229,0.001059
test,uniform,1000000000,3,102264,0.002564
test,uniform,1000000000,3,94339,0.001647
test,uniform,1000000000,3,32979,0.000578
test,uniform,1000000000,3,61360,0.001013
test,uniform,1000000000,3,55910,0.000999
test,uniform,1000000000,3,779711,0.012799
test,uniform,1000000000,3,424388,0.007378
test,uniform,1000000000,3,221863,0.003711
test,uniform,1000000000,3,202324,0.002529
test,uniform,1000000000,3,185790,0.002252
test,uniform,1000000000,3,48946,0.001164
test,uniform,1000000000,3,136844,0.001974
test,uniform,1000000000,3,69797,0.001048
test,uniform,1000000000,3,55066,0.000817
test,uniform,1000000000,3,52624,0.000869
test,uniform,1000000000,3,36467,0.00064
test,uniform,1000000000,3,67047,0.001153
test,uniform,1000000000,3,65535,0.001105
test,uniform,1000000000,3,59017,0.000992
test,uniform,1000000000,3,39815,0.000659
test,uniform,1000000000,3,202525,0.00487
test,uniform,1000000000,3,161885,0.003281
test,uniform,1000000000,3,111260,0.001952
test,uniform,1000000000,3,40856,0.00074
test,uniform,1000000000,3,37287,0.000682
test,uniform,1000000000,3,35547,0.000699
test,uniform,1000000000,3,33543,0.000672
test,uniform,1000000000,3,70404,0.001245
test,uniform,1000000000,3,
cgal,uniform,1000000000,3,89,0.000181
cgal,uniform,1000000000,3,149,0.000112
cgal,uniform,1000000000,3,33,3e-05
cgal,uniform,1000000000,3,39,2.9e-05
cgal,uniform,1000000000,3,71,5.8e-05
cgal,uniform,1000000000,3,154,0.000139
cgal,uniform,1000000000,3,28,3.5e-05
cgal,uniform,1000000000,3,109,7e-05
cgal,uniform,1000000000,3,8,1.1e-05
cgal,uniform,1000000000,3,19,3e-05
cgal,uniform,1000000000,3,39,5.2e-05
cgal,uniform,1000000000,3,13,1.1e-05
cgal,uniform,1000000000,3,69,7e-05
cgal,uniform,1000000000,3,103,0.000184
cgal,uniform,1000000000,3,17,8.7e-05
cgal,uniform,1000000000,3,136,0.000156
cgal,uniform,1000000000,3,61,6e-05
cgal,uniform,1000000000,3,88,3.4e-05
cgal,uniform,1000000000,3,77,3.7e-05
cgal,uniform,1000000000,3,136,5.3e-05
cgal,uniform,1000000000,3,166,0.00015
cgal,uniform,1000000000,3,175,0.00027
cgal,uniform,1000000000,3,137,5.9e-05
cgal,uniform,1000000000,3,69,8e-05
cgal,uniform,1000000000,3,143,0.000162
cgal,uniform,1000000000,3,93,6.7e-05
cgal,uniform,1000000000,3,21,7.5e-05
cgal,uniform,1000000000,3,140,0.000105
cgal,uniform,1000000000,3,44,7.6e-05
cgal,uniform,1000000000,3,42,3.1e-05
cgal,uniform,1000000000,3,114,0.000152
cgal,uniform,1000000000,3,111,0.000179
cgal,uniform,1000000000,3,60,7.2e-05
cgal,uniform,1000000000,3,130,0.000158
cgal,uniform,1000000000,3,164,0.000162
cgal,uniform,1000000000,3,81,7.9e-05
cgal,uniform,1000000000,3,116,7.3e-05
cgal,uniform,1000000000,3,101,6.8e-05
cgal,uniform,1000000000,3,122,0.00011
cgal,uniform,1000000000,3,106,6.4e-05
cgal,uniform,1000000000,3,97,7.1e-05
cgal,uniform,1000000000,3,96,4.5e-05
cgal,uniform,1000000000,3,86,4.5e-05
cgal,uniform,1000000000,3,146,0.000418
cgal,uniform,1000000000,3,35,0.000116
cgal,uniform,1000000000,3,112,0.000411
cgal,uniform,1000000000,3,96,0.000424
cgal,uniform,1000000000,3,26,0.000111
cgal,uniform,1000000000,3,163,0.000418
cgal,uniform,1000000000,3,27,8e-05
cgal,uniform,1000000000,3,89,0.000104
cgal,uniform,1000000000,3,110,6.7e-05
cgal,uniform,1000000000,3,45,3.1e-05
cgal,uniform,1000000000,3,158,8.1e-05
cgal,uniform,1000000000,3,15,0.00011
cgal,uniform,1000000000,3,100,0.000155
cgal,uniform,1000000000,3,148,0.000222
cgal,uniform,1000000000,3,61,9.3e-05
cgal,uniform,1000000000,3,43,0.000253
cgal,uniform,1000000000,3,171,0.000204
cgal,uniform,1000000000,3,24,2.1e-05
cgal,uniform,1000000000,3,32,6e-05
cgal,uniform,1000000000,3,117,7.5e-05
cgal,uniform,1000000000,3,29,0.000107
cgal,uniform,1000000000,3,162,0.000124
cgal,uniform,1000000000,3,148,0.000101
cgal,uniform,1000000000,3,18,4e-05
cgal,uniform,1000000000,3,126,7e-05
cgal,uniform,1000000000,3,112,6.6e-05
cgal,uniform,1000000000,3,84,6.8e-05
cgal,uniform,1000000000,3,83,4.5e-05
cgal,uniform,1000000000,3,3,1.4e-05
cgal,uniform,1000000000,3,5,1.3e-05
cgal,uniform,1000000000,3,55,3.1e-05
cgal,uniform,1000000000,3,132,6.3e-05
cgal,uniform,1000000000,3,86,6.8e-05
cgal,uniform,1000000000,3,57,3.7e-05
cgal,uniform,1000000000,3,170,8.7e-05
cgal,uniform,1000000000,3,54,6.2e-05
cgal,uniform,1000000000,3,14,1.1e-05
cgal,uniform,1000000000,3,54,5.1e-05
cgal,uniform,1000000000,3,95,4.4e-05
cgal,uniform,1000000000,3,112,5.7e-05
cgal,uniform,1000000000,3,13,1.1e-05
cgal,uniform,1000000000,3,64,6.2e-05
cgal,uniform,1000000000,3,46,3.6e-05
cgal,uniform,1000000000,3,69,5.6e-05
cgal,uniform,1000000000,3,22,3e-05
cgal,uniform,1000000000,3,176,0.000107
cgal,uniform,1000000000,3,146,5.2e-05
cgal,uniform,1000000000,3,35,3.5e-05
cgal,uniform,1000000000,3,173,0.000107
cgal,uniform,1000000000,3,24,1e-05
cgal,uniform,1000000000,3,50,3.5e-05
cgal,uniform,1000000000,3,42,9.8e-05
cgal,uniform,1000000000,3,55,5.4e-05
cgal,uniform,1000000000,3,177,0.000102
cgal,uniform,1000000000,3,12,8e-06
cgal,uniform,1000000000,3,48,3.8e-05
cgal,uniform,1000000000,3,84,0.000105
cgal,uniform,1000000000,3,22973,0.007522
cgal,uniform,1000000000,3,9444,0.003618
cgal,uniform,1000000000,3,26827,0.008552
cgal,uniform,1000000000,3,12025,0.004405
cgal,uniform,1000000000,3,274,0.000127
cgal,uniform,1000000000,3,22387,0.006365
cgal,uniform,1000000000,3,16115,0.00513
cgal,uniform,1000000000,3,503,0.000609
cgal,uniform,1000000000,3,30946,0.008233
cgal,uniform,1000000000,3,4791,0.002055
cgal,uniform,1000000000,3,8921,0.003267
cgal,uniform,1000000000,3,29033,0.008618
cgal,uniform,1000000000,3,17416,0.005454
cgal,uniform,1000000000,3,12972,0.004158
cgal,uniform,1000000000,3,25867,0.009722
cgal,uniform,1000000000,3,28217,0.009519
cgal,uniform,1000000000,3,1841,0.002144
cgal,uniform,1000000000,3,3647,0.001196
cgal,uniform,1000000000,3,17217,0.005396
cgal,uniform,1000000000,3,16308,0.005304
cgal,uniform,1000000000,3,30864,0.011021
cgal,uniform,1000000000,3,8290,0.003487
cgal,uniform,1000000000,3,12863,0.003854
cgal,uniform,1000000000,3,2298,0.000835
cgal,uniform,1000000000,3,29911,0.00837
cgal,uniform,1000000000,3,1968,0.00272
cgal,uniform,1000000000,3,327,0.000762
cgal,uniform,1000000000,3,2659,0.001158
cgal,uniform,1000000000,3,17472,0.005073
cgal,uniform,1000000000,3,6835,0.002312
cgal,uniform,1000000000,3,11474,0.0039
cgal,uniform,1000000000,3,23811,0.006767
cgal,uniform,1000000000,3,25083,0.006967
cgal,uniform,1000000000,3,193,0.000507
cgal,uniform,1000000000,3,5393,0.00228
cgal,uniform,1000000000,3,20746,0.010204
cgal,uniform,1000000000,3,3010,0.00524
cgal,uniform,1000000000,3,12937,0.004284
cgal,uniform,1000000000,3,1629,0.000992
cgal,uniform,1000000000,3,9836,0.003146
cgal,uniform,1000000000,3,22380,0.007116
cgal,uniform,1000000000,3,29275,0.009082
cgal,uniform,1000000000,3,22189,0.008286
cgal,uniform,1000000000,3,26578,0.008004
cgal,uniform,1000000000,3,30059,0.008737
cgal,uniform,1000000000,3,7961,0.003071
cgal,uniform,1000000000,3,6722,0.005079
cgal,uniform,1000000000,3,9332,0.003014
cgal,uniform,1000000000,3,3824,0.001817
cgal,uniform,1000000000,3,26091,0.007534
cgal,uniform,1000000000,3,23343,0.0071
cgal,uniform,1000000000,3,24839,0.007489
cgal,uniform,1000000000,3,11182,0.005345
cgal,uniform,1000000000,3,1277,0.000589
cgal,uniform,1000000000,3,18658,0.005201
cgal,uniform,1000000000,3,20614,0.005773
cgal,uniform,1000000000,3,14817,0.005194
cgal,uniform,1000000000,3,22736,0.00649
cgal,uniform,1000000000,3,21548,0.007423
cgal,uniform,1000000000,3,19705,0.01244
cgal,uniform,1000000000,3,6879,0.002251
cgal,uniform,1000000000,3,7250,0.002412
cgal,uniform,1000000000,3,19013,0.005128
cgal,uniform,1000000000,3,20411,0.005413
cgal,uniform,1000000000,3,20169,0.00547
cgal,uniform,1000000000,3,22925,0.006051
cgal,uniform,1000000000,3,1766,0.000766
cgal,uniform,1000000000,3,26265,0.006984
cgal,uniform,1000000000,3,13935,0.005045
cgal,uniform,1000000000,3,26040,0.007841
cgal,uniform,1000000000,3,27920,0.008493
cgal,uniform,1000000000,3,30309,0.009029
cgal,uniform,1000000000,3,2330,0.001078
cgal,uniform,1000000000,3,7925,0.00292
cgal,uniform,1000000000,3,12645,0.003649
cgal,uniform,1000000000,3,20334,0.00564
cgal,uniform,1000000000,3,5450,0.003425
cgal,uniform,1000000000,3,25798,0.007041
cgal,uniform,1000000000,3,30112,0.007975
cgal,uniform,1000000000,3,19539,0.005872
cgal,uniform,1000000000,3,25819,0.009087
cgal,uniform,1000000000,3,23127,0.007925
cgal,uniform,1000000000,3,14731,0.004303
cgal,uniform,1000000000,3,2442,0.001542
cgal,uniform,1000000000,3,30836,0.008587
cgal,uniform,1000000000,3,5631,0.00188
cgal,uniform,1000000000,3,16157,0.004452
cgal,uniform,1000000000,3,1512,0.001189
cgal,uniform,1000000000,3,19202,0.005449
cgal,uniform,1000000000,3,15564,0.004985
cgal,uniform,1000000000,3,24251,0.006719
cgal,uniform,1000000000,3,6518,0.002094
cgal,uniform,1000000000,3,16534,0.008908
cgal,uniform,1000000000,3,3569,0.001787
cgal,uniform,1000000000,3,1740,0.001194
cgal,uniform,1000000000,3,2004,0.001043
cgal,uniform,1000000000,3,20440,0.006502
cgal,uniform,1000000000,3,13103,0.004561
cgal,uniform,1000000000,3,20695,0.007178
cgal,uniform,1000000000,3,16220,0.005271
cgal,uniform,1000000000,3,898453,0.200701
cgal,uniform,1000000000,3,878748,0.189225
cgal,uniform,1000000000,3,680487,0.143644
cgal,uniform,1000000000,3,507911,0.104158
cgal,uniform,1000000000,3,146285,0.029225
cgal,uniform,1000000000,3,71543,0.01336
cgal,uniform,1000000000,3,48570,0.005701
cgal,uniform,1000000000,3,39126,0.003903
cgal,uniform,1000000000,3,38852,0.003222
cgal,uniform,1000000000,3,74742,0.015383
cgal,uniform,1000000000,3,69951,0.010977
cgal,uniform,1000000000,3,39005,0.003905
cgal,uniform,1000000000,3,38502,0.002835
cgal,uniform,1000000000,3,361626,0.083992
cgal,uniform,1000000000,3,340880,0.076113
cgal,uniform,1000000000,3,161439,0.035995
cgal,uniform,1000000000,3,68342,0.01419
cgal,uniform,1000000000,3,55370,0.006357
cgal,uniform,1000000000,3,37954,0.003132
cgal,uniform,1000000000,3,93097,0.020667
cgal,uniform,1000000000,3,67230,0.014353
cgal,uniform,1000000000,3,39013,0.00698
cgal,uniform,1000000000,3,37172,0.004111
cgal,uniform,1000000000,3,33525,0.003299
cgal,uniform,1000000000,3,179441,0.044685
cgal,uniform,1000000000,3,148577,0.034843
cgal,uniform,1000000000,3,140287,0.028133
cgal,uniform,1000000000,3,134894,0.019527
cgal,uniform,1000000000,3,50026,0.007324
cgal,uniform,1000000000,3,37163,0.003707
cgal,uniform,1000000000,3,34865,0.002935
cgal,uniform,1000000000,3,32206,0.002844
cgal,uniform,1000000000,3,31879,0.002749
cgal,uniform,1000000000,3,84868,0.012441
cgal,uniform,1000000000,3,67396,0.008684
cgal,uniform,1000000000,3,60561,0.006615
cgal,uniform,1000000000,3,60368,0.00531
cgal,uniform,1000000000,3,48894,0.00434
cgal,uniform,1000000000,3,172576,0.045178
cgal,uniform,1000000000,3,165854,0.03677
cgal,uniform,1000000000,3,162844,0.03223
cgal,uniform,1000000000,3,76057,0.013702
cgal,uniform,1000000000,3,46782,0.008473
cgal,uniform,1000000000,3,33845,0.003539
cgal,uniform,1000000000,3,32216,0.002781
cgal,uniform,1000000000,3,86787,0.016802
cgal,uniform,1000000000,3,78826,0.01385
cgal,uniform,1000000000,3,56637,0.008005
cgal,uniform,1000000000,3,198261,0.049433
cgal,uniform,1000000000,3,98611,0.023412
cgal,uniform,1000000000,3,89279,0.017638
cgal,uniform,1000000000,3,78097,0.010276
cgal,uniform,1000000000,3,53258,0.005703
cgal,uniform,1000000000,3,49434,0.004267
cgal,uniform,1000000000,3,99650,0.025569
cgal,uniform,1000000000,3,78102,0.018016
cgal,uniform,1000000000,3,55366,0.008795
cgal,uniform,1000000000,3,40549,0.003997
cgal,uniform,1000000000,3,39272,0.003234
cgal,uniform,1000000000,3,124678,0.031201
cgal,uniform,1000000000,3,117799,0.025288
cgal,uniform,1000000000,3,91534,0.015716
cgal,uniform,1000000000,3,84284,0.008802
cgal,uniform,1000000000,3,39424,0.003442
cgal,uniform,1000000000,3,44860,0.003744
cgal,uniform,1000000000,3,43094,0.003306
cgal,uniform,1000000000,3,982509,0.227911
cgal,uniform,1000000000,3,202798,0.049884
cgal,uniform,1000000000,3,100534,0.024178
cgal,uniform,1000000000,3,39975,0.007619
cgal,uniform,1000000000,3,60559,0.012379
cgal,uniform,1000000000,3,58229,0.006847
cgal,uniform,1000000000,3,102264,0.025206
cgal,uniform,1000000000,3,94339,0.019887
cgal,uniform,1000000000,3,32979,0.005182
cgal,uniform,1000000000,3,61360,0.010083
cgal,uniform,1000000000,3,55910,0.006508
cgal,uniform,1000000000,3,779711,0.177486
cgal,uniform,1000000000,3,424388,0.095259
cgal,uniform,1000000000,3,221863,0.048849
cgal,uniform,1000000000,3,202324,0.041696
cgal,uniform,1000000000,3,185790,0.034503
cgal,uniform,1000000000,3,48946,0.011476
cgal,uniform,1000000000,3,136844,0.024788
cgal,uniform,1000000000,3,69797,0.011185
cgal,uniform,1000000000,3,55066,0.005585
cgal,uniform,1000000000,3,52624,0.004416
cgal,uniform,1000000000,3,36467,0.003076
cgal,uniform,1000000000,3,67047,0.012626
cgal,uniform,1000000000,3,65535,0.010898
cgal,uniform,1000000000,3,59017,0.006876
cgal,uniform,1000000000,3,39815,0.0035
cgal,uniform,1000000000,3,202525,0.05397
cgal,uniform,1000000000,3,161885,0.038977
cgal,uniform,1000000000,3,111260,0.025053
cgal,uniform,1000000000,3,40856,0.008225
cgal,uniform,1000000000,3,37287,0.004455
cgal,uniform,1000000000,3,35547,0.00305
cgal,uniform,1000000000,3,33543,0.002981
cgal,uniform,1000000000,3,70404,0.014115
cgal,uniform,1000000000,3,
test_count,uniform,1000000000,3,89,3.4e-05
test_count,uniform,1000000000,3,149,6e-06
test_count,uniform,1000000000,3,33,4e-06
test_count,uniform,1000000000,3,39,6e-06
test_count,uniform,1000000000,3,71,8e-06
test_count,uniform,1000000000,3,154,6e-06
test_count,uniform,1000000000,3,28,3e-06
test_count,uniform,1000000000,3,109,1.5e-05
test_count,uniform,1000000000,3,8,2e-06
test_count,uniform,1000000000,3,19,1e-06
test_count,uniform,1000000000,3,39,3e-06
test_count,uniform,1000000000,3,13,2e-06
test_count,uniform,1000000000,3,69,8e-06
test_count,uniform,1000000000,3,103,3.7e-05
test_count,uniform,1000000000,3,17,3.9e-05
test_count,uniform,1000000000,3,136,1.1e-05
test_count,uniform,1000000000,3,61,5e-06
test_count,uniform,1000000000,3,88,6e-06
test_count,uniform,1000000000,3,77,6e-06
test_count,uniform,1000000000,3,136,1e-05
test_count,uniform,1000000000,3,166,1.9e-05
test_count,uniform,1000000000,3,175,4.8e-05
test_count,uniform,1000000000,3,137,9e-06
test_count,uniform,1000000000,3,69,2.2e-05
test_count,uniform,1000000000,3,143,1.4e-05
test_count,uniform,1000000000,3,93,1.6e-05
test_count,uniform,1000000000,3,21,1.5e-05
test_count,uniform,1000000000,3,140,1.4e-05
test_count,uniform,1000000000,3,44,1.4e-05
test_count,uniform,1000000000,3,42,4e-06
test_count,uniform,1000000000,3,114,9e-06
test_count,uniform,1000000000,3,111,1.3e-05
test_count,uniform,1000000000,3,60,1.3e-05
test_count,uniform,1000000000,3,130,1e-05
test_count,uniform,1000000000,3,164,9e-06
test_count,uniform,1000000000,3,81,7e-06
test_count,uniform,1000000000,3,116,1.3e-05
test_count,uniform,1000000000,3,101,1.1e-05
test_count,uniform,1000000000,3,122,2.1e-05
test_count,uniform,1000000000,3,106,9e-06
test_count,uniform,1000000000,3,97,9e-06
test_count,uniform,1000000000,3,96,7e-06
test_count,uniform,1000000000,3,86,7e-06
test_count,uniform,1000000000,3,146,7.3e-05
test_count,uniform,1000000000,3,35,1.7e-05
test_count,uniform,1000000000,3,112,0.000108
test_count,uniform,1000000000,3,96,0.000114
test_count,uniform,1000000000,3,26,1.7e-05
test_count,uniform,1000000000,3,163,4.4e-05
test_count,uniform,1000000000,3,27,2.1e-05
test_count,uniform,1000000000,3,89,8e-06
test_count,uniform,1000000000,3,110,6e-06
test_count,uniform,1000000000,3,45,5e-06
test_count,uniform,1000000000,3,158,6e-06
test_count,uniform,1000000000,3,15,1.6e-05
test_count,uniform,1000000000,3,100,1.5e-05
test_count,uniform,1000000000,3,148,2.2e-05
test_count,uniform,1000000000,3,61,9e-06
test_count,uniform,1000000000,3,43,3e-05
test_count,uniform,1000000000,3,171,2.9e-05
test_count,uniform,1000000000,3,24,4e-06
test_count,uniform,1000000000,3,32,1.3e-05
test_count,uniform,1000000000,3,117,1.9e-05
test_count,uniform,1000000000,3,29,2.5e-05
test_count,uniform,1000000000,3,162,2.8e-05
test_count,uniform,1000000000,3,148,2.1e-05
test_count,uniform,1000000000,3,18,7e-06
test_count,uniform,1000000000,3,126,1.2e-05
test_count,uniform,1000000000,3,112,6e-06
test_count,uniform,1000000000,3,84,1.4e-05
test_count,uniform,1000000000,3,83,5e-06
test_count,uniform,1000000000,3,3,4e-06
test_count,uniform,1000000000,3,5,6e-06
test_count,uniform,1000000000,3,55,4e-06
test_count,uniform,1000000000,3,132,7e-06
test_count,uniform,1000000000,3,86,1.2e-05
test_count,uniform,1000000000,3,57,6e-06
test_count,uniform,1000000000,3,170,9e-06
test_count,uniform,1000000000,3,54,1.2e-05
test_count,uniform,1000000000,3,14,3e-06
test_count,uniform,1000000000,3,54,1.4e-05
test_count,uniform,1000000000,3,95,6e-06
test_count,uniform,1000000000,3,112,7e-06
test_count,uniform,1000000000,3,13,2e-06
test_count,uniform,1000000000,3,64,1.3e-05
test_count,uniform,1000000000,3,46,1.3e-05
test_count,uniform,1000000000,3,69,1.1e-05
test_count,uniform,1000000000,3,22,7e-06
test_count,uniform,1000000000,3,176,1.4e-05
test_count,uniform,1000000000,3,146,1.6e-05
test_count,uniform,1000000000,3,35,7e-06
test_count,uniform,1000000000,3,173,1.1e-05
test_count,uniform,1000000000,3,24,3e-06
test_count,uniform,1000000000,3,50,8e-06
test_count,uniform,1000000000,3,42,2.1e-05
test_count,uniform,1000000000,3,55,1.5e-05
test_count,uniform,1000000000,3,177,1.5e-05
test_count,uniform,1000000000,3,12,2e-06
test_count,uniform,1000000000,3,48,1.2e-05
test_count,uniform,1000000000,3,84,3e-05
test_count,uniform,1000000000,3,22973,0.000692
test_count,uniform,1000000000,3,9444,0.000463
test_count,uniform,1000000000,3,26827,0.000771
test_count,uniform,1000000000,3,12025,0.000436
test_count,uniform,1000000000,3,274,1.5e-05
test_count,uniform,1000000000,3,22387,0.000461
test_count,uniform,1000000000,3,16115,0.000392
test_count,uniform,1000000000,3,503,6.1e-05
test_count,uniform,1000000000,3,30946,0.000496
test_count,uniform,1000000000,3,4791,0.000449
test_count,uniform,1000000000,3,8921,0.000365
test_count,uniform,1000000000,3,29033,0.000572
test_count,uniform,1000000000,3,17416,0.000573
test_count,uniform,1000000000,3,12972,0.000366
test_count,uniform,1000000000,3,25867,0.001255
test_count,uniform,1000000000,3,28217,0.001088
test_count,uniform,1000000000,3,1841,0.000372
test_count,uniform,1000000000,3,3647,0.000149
test_count,uniform,1000000000,3,17217,0.000545
test_count,uniform,1000000000,3,16308,0.000493
test_count,uniform,1000000000,3,30864,0.001122
test_count,uniform,1000000000,3,8290,0.000549
test_count,uniform,1000000000,3,12863,0.00028
test_count,uniform,1000000000,3,2298,6.6e-05
test_count,uniform,1000000000,3,29911,0.000676
test_count,uniform,1000000000,3,1968,0.000191
test_count,uniform,1000000000,3,327,0.000106
test_count,uniform,1000000000,3,2659,0.000109
test_count,uniform,1000000000,3,17472,0.000361
test_count,uniform,1000000000,3,6835,0.000471
test_count,uniform,1000000000,3,11474,0.000334
test_count,uniform,1000000000,3,23811,0.000456
test_count,uniform,1000000000,3,25083,0.000449
test_count,uniform,1000000000,3,193,7.5e-05
test_count,uniform,1000000000,3,5393,0.000248
test_count,uniform,1000000000,3,20746,0.001062
test_count,uniform,1000000000,3,3010,0.00068
test_count,uniform,1000000000,3,12937,0.000259
test_count,uniform,1000000000,3,1629,9.1e-05
test_count,uniform,1000000000,3,9836,0.000215
test_count,uniform,1000000000,3,22380,0.000485
test_count,uniform,1000000000,3,29275,0.00086
test_count,uniform,1000000000,3,22189,0.00065
test_count,uniform,1000000000,3,26578,0.00053
test_count,uniform,1000000000,3,30059,0.000514
test_count,uniform,1000000000,3,7961,0.000254
test_count,uniform,1000000000,3,6722,0.000863
test_count,uniform,1000000000,3,9332,0.000218
test_count,uniform,1000000000,3,3824,0.000139
test_count,uniform,1000000000,3,26091,0.000405
test_count,uniform,1000000000,3,23343,0.000352
test_count,uniform,1000000000,3,24839,0.000396
test_count,uniform,1000000000,3,11182,0.00056
test_count,uniform,1000000000,3,1277,8.8e-05
test_count,uniform,1000000000,3,18658,0.000304
test_count,uniform,1000000000,3,20614,0.000355
test_count,uniform,1000000000,3,14817,0.000414
test_count,uniform,1000000000,3,22736,0.000357
test_count,uniform,1000000000,3,21548,0.00068
test_count,uniform,1000000000,3,19705,0.000948
test_count,uniform,1000000000,3,6879,0.000269
test_count,uniform,1000000000,3,7250,0.000206
test_count,uniform,1000000000,3,19013,0.000277
test_count,uniform,1000000000,3,20411,0.000318
test_count,uniform,1000000000,3,20169,0.000329
test_count,uniform,1000000000,3,22925,0.000418
test_count,uniform,1000000000,3,1766,9.7e-05
test_count,uniform,1000000000,3,26265,0.000491
test_count,uniform,1000000000,3,13935,0.000544
test_count,uniform,1000000000,3,26040,0.000495
test_count,uniform,1000000000,3,27920,0.000482
test_count,uniform,1000000000,3,30309,0.000471
test_count,uniform,1000000000,3,2330,7.9e-05
test_count,uniform,1000000000,3,7925,0.0002
test_count,uniform,1000000000,3,12645,0.000234
test_count,uniform,1000000000,3,20334,0.000303
test_count,uniform,1000000000,3,5450,0.000297
test_count,uniform,1000000000,3,25798,0.000374
test_count,uniform,1000000000,3,30112,0.000429
test_count,uniform,1000000000,3,19539,0.000396
test_count,uniform,1000000000,3,25819,0.000547
test_count,uniform,1000000000,3,23127,0.00057
test_count,uniform,1000000000,3,14731,0.000289
test_count,uniform,1000000000,3,2442,0.000205
test_count,uniform,1000000000,3,30836,0.00042
test_count,uniform,1000000000,3,5631,0.000113
test_count,uniform,1000000000,3,16157,0.00024
test_count,uniform,1000000000,3,1512,0.000149
test_count,uniform,1000000000,3,19202,0.000309
test_count,uniform,1000000000,3,15564,0.000242
test_count,uniform,1000000000,3,24251,0.00034
test_count,uniform,1000000000,3,6518,0.000152
test_count,uniform,1000000000,3,16534,0.000745
test_count,uniform,1000000000,3,3569,0.000221
test_count,uniform,1000000000,3,1740,0.000137
test_count,uniform,1000000000,3,2004,0.00015
test_count,uniform,1000000000,3,20440,0.000384
test_count,uniform,1000000000,3,13103,0.00033
test_count,uniform,1000000000,3,20695,0.000504
test_count,uniform,1000000000,3,16220,0.00042
test_count,uniform,1000000000,3,898453,0.004213
test_count,uniform,1000000000,3,878748,0.00346
test_count,uniform,1000000000,3,680487,0.001465
test_count,uniform,1000000000,3,507911,0.001887
test_count,uniform,1000000000,3,146285,0.00116
test_count,uniform,1000000000,3,71543,0.000535
test_count,uniform,1000000000,3,48570,0.000799
test_count,uniform,1000000000,3,39126,0.000535
test_count,uniform,1000000000,3,38852,0.000392
test_count,uniform,1000000000,3,74742,0.000556
test_count,uniform,1000000000,3,69951,0.000486
test_count,uniform,1000000000,3,39005,0.000273
test_count,uniform,1000000000,3,38502,0.000213
test_count,uniform,1000000000,3,361626,0.003343
test_count,uniform,1000000000,3,340880,0.003563
test_count,uniform,1000000000,3,161439,0.002047
test_count,uniform,1000000000,3,68342,0.001366
test_count,uniform,1000000000,3,55370,0.000912
test_count,uniform,1000000000,3,37954,0.000408
test_count,uniform,1000000000,3,93097,0.001219
test_count,uniform,1000000000,3,67230,0.001156
test_count,uniform,1000000000,3,39013,0.001087
test_count,uniform,1000000000,3,37172,0.00089
test_count,uniform,1000000000,3,33525,0.000619
test_count,uniform,1000000000,3,179441,0.001462
test_count,uniform,1000000000,3,148577,0.001409
test_count,uniform,1000000000,3,140287,0.001302
test_count,uniform,1000000000,3,134894,0.000903
test_count,uniform,1000000000,3,50026,0.000932
test_count,uniform,1000000000,3,37163,0.000466
test_count,uniform,1000000000,3,34865,0.000319
test_count,uniform,1000000000,3,32206,0.0003
test_count,uniform,1000000000,3,31879,0.000291
test_count,uniform,1000000000,3,84868,0.000601
test_count,uniform,1000000000,3,67396,0.000457
test_count,uniform,1000000000,3,60561,0.000554
test_count,uniform,1000000000,3,60368,0.000476
test_count,uniform,1000000000,3,48894,0.000422
test_count,uniform,1000000000,3,172576,0.001907
test_count,uniform,1000000000,3,165854,0.001083
test_count,uniform,1000000000,3,162844,0.000832
test_count,uniform,1000000000,3,76057,0.000407
test_count,uniform,1000000000,3,46782,0.000712
test_count,uniform,1000000000,3,33845,0.000445
test_count,uniform,1000000000,3,32216,0.000337
test_count,uniform,1000000000,3,86787,0.000429
test_count,uniform,1000000000,3,78826,0.000446
test_count,uniform,1000000000,3,56637,0.000696
test_count,uniform,1000000000,3,198261,0.001325
test_count,uniform,1000000000,3,98611,0.000903
test_count,uniform,1000000000,3,89279,0.00051
test_count,uniform,1000000000,3,78097,0.000588
test_count,uniform,1000000000,3,53258,0.000434
test_count,uniform,1000000000,3,49434,0.000378
test_count,uniform,1000000000,3,99650,0.000734
test_count,uniform,1000000000,3,78102,0.000702
test_count,uniform,1000000000,3,55366,0.000519
test_count,uniform,1000000000,3,40549,0.000531
test_count,uniform,1000000000,3,39272,0.000332
test_count,uniform,1000000000,3,124678,0.001343
test_count,uniform,1000000000,3,117799,0.001043
test_count,uniform,1000000000,3,91534,0.000394
test_count,uniform,1000000000,3,84284,0.000409
test_count,uniform,1000000000,3,39424,0.000272
test_count,uniform,1000000000,3,44860,0.00019
test_count,uniform,1000000000,3,43094,0.000224
test_count,uniform,1000000000,3,982509,0.00426
test_count,uniform,1000000000,3,202798,0.001519
test_count,uniform,1000000000,3,100534,0.00103
test_count,uniform,1000000000,3,39975,0.00046
test_count,uniform,1000000000,3,60559,0.00051
test_count,uniform,1000000000,3,58229,0.00038
test_count,uniform,1000000000,3,102264,0.00083
test_count,uniform,1000000000,3,94339,0.000507
test_count,uniform,1000000000,3,32979,0.000278
test_count,uniform,1000000000,3,61360,0.000358
test_count,uniform,1000000000,3,55910,0.000421
test_count,uniform,1000000000,3,779711,0.003481
test_count,uniform,1000000000,3,424388,0.001494
test_count,uniform,1000000000,3,221863,0.001271
test_count,uniform,1000000000,3,202324,0.001117
test_count,uniform,1000000000,3,185790,0.000907
test_count,uniform,1000000000,3,48946,0.000929
test_count,uniform,1000000000,3,136844,0.001132
test_count,uniform,1000000000,3,69797,0.000441
test_count,uniform,1000000000,3,55066,0.000294
test_count,uniform,1000000000,3,52624,0.000383
test_count,uniform,1000000000,3,36467,0.000278
test_count,uniform,1000000000,3,67047,0.000392
test_count,uniform,1000000000,3,65535,0.000389
test_count,uniform,1000000000,3,59017,0.000355
test_count,uniform,1000000000,3,39815,0.000248
test_count,uniform,1000000000,3,202525,0.001512
test_count,uniform,1000000000,3,161885,0.000858
test_count,uniform,1000000000,3,111260,0.000982
test_count,uniform,1000000000,3,40856,0.000488
test_count,uniform,1000000000,3,37287,0.0003
test_count,uniform,1000000000,3,35547,0.000251
test_count,uniform,1000000000,3,33543,0.000292
test_count,uniform,1000000000,3,70404,0.000552
test_count,uniform,1000000000,3,
test,ss_varden,1000000000,3,102,0.00021
test,ss_varden,1000000000,3,23,6.8e-05
test,ss_varden,1000000000,3,174,0.000657
test,ss_varden,1000000000,3,61,4.2e-05
test,ss_varden,1000000000,3,168,0.000108
test,ss_varden,1000000000,3,13,5e-06
test,ss_varden,1000000000,3,84,6.5e-05
test,ss_varden,1000000000,3,105,8.1e-05
test,ss_varden,1000000000,3,139,0.00011
test,ss_varden,1000000000,3,120,8.7e-05
test,ss_varden,1000000000,3,20,6e-06
test,ss_varden,1000000000,3,115,3.3e-05
test,ss_varden,1000000000,3,89,0.000147
test,ss_varden,1000000000,3,161,0.00016
test,ss_varden,1000000000,3,153,0.000145
test,ss_varden,1000000000,3,25,8.4e-05
test,ss_varden,1000000000,3,10,1.9e-05
test,ss_varden,1000000000,3,147,5.6e-05
test,ss_varden,1000000000,3,148,5.2e-05
test,ss_varden,1000000000,3,124,9.7e-05
test,ss_varden,1000000000,3,112,3.3e-05
test,ss_varden,1000000000,3,85,2.4e-05
test,ss_varden,1000000000,3,80,2.2e-05
test,ss_varden,1000000000,3,112,1.8e-05
test,ss_varden,1000000000,3,28,0.000148
test,ss_varden,1000000000,3,24,5.5e-05
test,ss_varden,1000000000,3,107,9.1e-05
test,ss_varden,1000000000,3,104,0.000239
test,ss_varden,1000000000,3,36,6.5e-05
test,ss_varden,1000000000,3,21,2.3e-05
test,ss_varden,1000000000,3,54,5.1e-05
test,ss_varden,1000000000,3,163,6.4e-05
test,ss_varden,1000000000,3,109,0.000128
test,ss_varden,1000000000,3,79,2.7e-05
test,ss_varden,1000000000,3,130,3.3e-05
test,ss_varden,1000000000,3,132,5.6e-05
test,ss_varden,1000000000,3,77,3e-05
test,ss_varden,1000000000,3,158,8.2e-05
test,ss_varden,1000000000,3,122,0.000108
test,ss_varden,1000000000,3,127,9.5e-05
test,ss_varden,1000000000,3,12,4.1e-05
test,ss_varden,1000000000,3,131,4.3e-05
test,ss_varden,1000000000,3,163,7.3e-05
test,ss_varden,1000000000,3,105,7e-05
test,ss_varden,1000000000,3,1,1e-06
test,ss_varden,1000000000,3,13,4e-05
test,ss_varden,1000000000,3,62,4.3e-05
test,ss_varden,1000000000,3,167,6.4e-05
test,ss_varden,1000000000,3,62,1.3e-05
test,ss_varden,1000000000,3,96,3.1e-05
test,ss_varden,1000000000,3,24,2.7e-05
test,ss_varden,1000000000,3,80,4.6e-05
test,ss_varden,1000000000,3,112,4e-05
test,ss_varden,1000000000,3,135,4.7e-05
test,ss_varden,1000000000,3,152,7.2e-05
test,ss_varden,1000000000,3,14,3.6e-05
test,ss_varden,1000000000,3,52,6.9e-05
test,ss_varden,1000000000,3,140,6.1e-05
test,ss_varden,1000000000,3,38,1.2e-05
test,ss_varden,1000000000,3,101,6.6e-05
test,ss_varden,1000000000,3,82,1.9e-05
test,ss_varden,1000000000,3,101,3.7e-05
test,ss_varden,1000000000,3,43,9e-05
test,ss_varden,1000000000,3,95,2.7e-05
test,ss_varden,1000000000,3,129,4.7e-05
test,ss_varden,1000000000,3,61,1.3e-05
test,ss_varden,1000000000,3,14,1.1e-05
test,ss_varden,1000000000,3,22,4.5e-05
test,ss_varden,1000000000,3,65,2.1e-05
test,ss_varden,1000000000,3,123,2.6e-05
test,ss_varden,1000000000,3,34,2.9e-05
test,ss_varden,1000000000,3,22,1.4e-05
test,ss_varden,1000000000,3,169,0.000107
test,ss_varden,1000000000,3,167,5.1e-05
test,ss_varden,1000000000,3,17,3.8e-05
test,ss_varden,1000000000,3,18,4.1e-05
test,ss_varden,1000000000,3,177,6e-05
test,ss_varden,1000000000,3,44,2.2e-05
test,ss_varden,1000000000,3,150,3.9e-05
test,ss_varden,1000000000,3,22,4e-06
test,ss_varden,1000000000,3,69,3.1e-05
test,ss_varden,1000000000,3,162,6.3e-05
test,ss_varden,1000000000,3,128,7e-05
test,ss_varden,1000000000,3,4,1e-06
test,ss_varden,1000000000,3,117,6e-05
test,ss_varden,1000000000,3,117,3.5e-05
test,ss_varden,1000000000,3,64,3.9e-05
test,ss_varden,1000000000,3,78,1.1e-05
test,ss_varden,1000000000,3,66,4.8e-05
test,ss_varden,1000000000,3,68,5.1e-05
test,ss_varden,1000000000,3,11,3e-06
test,ss_varden,1000000000,3,55,5.5e-05
test,ss_varden,1000000000,3,128,6e-05
test,ss_varden,1000000000,3,105,5.8e-05
test,ss_varden,1000000000,3,7,3.8e-05
test,ss_varden,1000000000,3,40,8e-06
test,ss_varden,1000000000,3,89,6.5e-05
test,ss_varden,1000000000,3,2,2.2e-05
test,ss_varden,1000000000,3,135,6.6e-05
test,ss_varden,1000000000,3,50,5.8e-05
test,ss_varden,1000000000,3,19477,0.001994
test,ss_varden,1000000000,3,23722,0.001508
test,ss_varden,1000000000,3,13309,0.000923
test,ss_varden,1000000000,3,18604,0.000869
test,ss_varden,1000000000,3,20148,0.001453
test,ss_varden,1000000000,3,3919,0.000299
test,ss_varden,1000000000,3,31127,0.001465
test,ss_varden,1000000000,3,7321,0.000419
test,ss_varden,1000000000,3,19211,0.000744
test,ss_varden,1000000000,3,10927,0.000387
test,ss_varden,1000000000,3,3070,0.000219
test,ss_varden,1000000000,3,10600,0.000742
test,ss_varden,1000000000,3,24282,0.001076
test,ss_varden,1000000000,3,5356,0.001002
test,ss_varden,1000000000,3,543,4.9e-05
test,ss_varden,1000000000,3,21085,0.000911
test,ss_varden,1000000000,3,20681,0.001137
test,ss_varden,1000000000,3,19219,0.000694
test,ss_varden,1000000000,3,12987,0.000497
test,ss_varden,1000000000,3,12427,0.000569
test,ss_varden,1000000000,3,8484,0.000358
test,ss_varden,1000000000,3,7198,0.002315
test,ss_varden,1000000000,3,27098,0.001604
test,ss_varden,1000000000,3,21199,0.001232
test,ss_varden,1000000000,3,10399,0.000834
test,ss_varden,1000000000,3,23774,0.001162
test,ss_varden,1000000000,3,8147,0.000443
test,ss_varden,1000000000,3,2792,0.00029
test,ss_varden,1000000000,3,19893,0.001102
test,ss_varden,1000000000,3,20290,0.001029
test,ss_varden,1000000000,3,8139,0.000877
test,ss_varden,1000000000,3,3624,0.000161
test,ss_varden,1000000000,3,10177,0.000585
test,ss_varden,1000000000,3,29263,0.001215
test,ss_varden,1000000000,3,31256,0.001588
test,ss_varden,1000000000,3,8207,0.000462
test,ss_varden,1000000000,3,7361,0.001239
test,ss_varden,1000000000,3,20067,0.001188
test,ss_varden,1000000000,3,962,0.00016
test,ss_varden,1000000000,3,20040,0.001249
test,ss_varden,1000000000,3,12565,0.000674
test,ss_varden,1000000000,3,20073,0.001155
test,ss_varden,1000000000,3,14336,0.00118
test,ss_varden,1000000000,3,25480,0.001266
test,ss_varden,1000000000,3,20614,0.001418
test,ss_varden,1000000000,3,21954,0.000926
test,ss_varden,1000000000,3,13443,0.000682
test,ss_varden,1000000000,3,13847,0.000561
test,ss_varden,1000000000,3,27205,0.00097
test,ss_varden,1000000000,3,1008,0.000165
test,ss_varden,1000000000,3,4823,0.000172
test,ss_varden,1000000000,3,28143,0.001082
test,ss_varden,1000000000,3,13854,0.000659
test,ss_varden,1000000000,3,1782,0.000328
test,ss_varden,1000000000,3,6982,0.000292
test,ss_varden,1000000000,3,18767,0.001444
test,ss_varden,1000000000,3,14405,0.000758
test,ss_varden,1000000000,3,19647,0.002283
test,ss_varden,1000000000,3,27531,0.002666
test,ss_varden,1000000000,3,21438,0.001984
test,ss_varden,1000000000,3,15797,0.001187
test,ss_varden,1000000000,3,21284,0.001103
test,ss_varden,1000000000,3,12091,0.000791
test,ss_varden,1000000000,3,10910,0.001034
test,ss_varden,1000000000,3,15059,0.000917
test,ss_varden,1000000000,3,21439,0.001213
test,ss_varden,1000000000,3,9995,0.000873
test,ss_varden,1000000000,3,28288,0.001297
test,ss_varden,1000000000,3,26099,0.001159
test,ss_varden,1000000000,3,8346,0.000409
test,ss_varden,1000000000,3,6736,0.00102
test,ss_varden,1000000000,3,18895,0.000829
test,ss_varden,1000000000,3,24202,0.001074
test,ss_varden,1000000000,3,16994,0.000862
test,ss_varden,1000000000,3,14428,0.000585
test,ss_varden,1000000000,3,18418,0.000928
test,ss_varden,1000000000,3,5993,0.000923
test,ss_varden,1000000000,3,26641,0.001478
test,ss_varden,1000000000,3,27854,0.001278
test,ss_varden,1000000000,3,6498,0.000575
test,ss_varden,1000000000,3,19812,0.001631
test,ss_varden,1000000000,3,30724,0.001525
test,ss_varden,1000000000,3,10856,0.000681
test,ss_varden,1000000000,3,13479,0.000532
test,ss_varden,1000000000,3,11212,0.000428
test,ss_varden,1000000000,3,22124,0.000736
test,ss_varden,1000000000,3,622,3.8e-05
test,ss_varden,1000000000,3,15369,0.000618
test,ss_varden,1000000000,3,18386,0.000708
test,ss_varden,1000000000,3,9556,0.000404
test,ss_varden,1000000000,3,2198,0.000119
test,ss_varden,1000000000,3,7221,0.000348
test,ss_varden,1000000000,3,11384,0.000449
test,ss_varden,1000000000,3,24731,0.000993
test,ss_varden,1000000000,3,9241,0.000807
test,ss_varden,1000000000,3,26312,0.000916
test,ss_varden,1000000000,3,13554,0.00051
test,ss_varden,1000000000,3,308,9.6e-05
test,ss_varden,1000000000,3,2028,0.000231
test,ss_varden,1000000000,3,8165,0.000309
test,ss_varden,1000000000,3,805512,0.032263
test,ss_varden,1000000000,3,306499,0.012335
test,ss_varden,1000000000,3,211073,0.007371
test,ss_varden,1000000000,3,191596,0.003388
test,ss_varden,1000000000,3,110829,0.002131
test,ss_varden,1000000000,3,75783,0.00138
test,ss_varden,1000000000,3,55635,0.00102
test,ss_varden,1000000000,3,37031,0.000616
test,ss_varden,1000000000,3,35046,0.00076
test,ss_varden,1000000000,3,80767,0.001435
test,ss_varden,1000000000,3,75411,0.001419
test,ss_varden,1000000000,3,68090,0.001345
test,ss_varden,1000000000,3,48879,0.000923
test,ss_varden,1000000000,3,37952,0.000733
test,ss_varden,1000000000,3,34882,0.000741
test,ss_varden,1000000000,3,95426,0.003904
test,ss_varden,1000000000,3,94883,0.003291
test,ss_varden,1000000000,3,86399,0.001234
test,ss_varden,1000000000,3,41766,0.000734
test,ss_varden,1000000000,3,44633,0.000954
test,ss_varden,1000000000,3,32206,0.000643
test,ss_varden,1000000000,3,499013,0.019042
test,ss_varden,1000000000,3,372954,0.01404
test,ss_varden,1000000000,3,191993,0.006602
test,ss_varden,1000000000,3,184795,0.002891
test,ss_varden,1000000000,3,48297,0.001207
test,ss_varden,1000000000,3,136498,0.002219
test,ss_varden,1000000000,3,93434,0.001541
test,ss_varden,1000000000,3,83035,0.0014
test,ss_varden,1000000000,3,31921,0.000914
test,ss_varden,1000000000,3,51114,0.001165
test,ss_varden,1000000000,3,42975,0.001073
test,ss_varden,1000000000,3,40183,0.00098
test,ss_varden,1000000000,3,43064,0.000786
test,ss_varden,1000000000,3,39440,0.000709
test,ss_varden,1000000000,3,180961,0.00735
test,ss_varden,1000000000,3,66891,0.003772
test,ss_varden,1000000000,3,46824,0.001853
test,ss_varden,1000000000,3,39463,0.001479
test,ss_varden,1000000000,3,114070,0.00459
test,ss_varden,1000000000,3,67976,0.001691
test,ss_varden,1000000000,3,67014,0.001525
test,ss_varden,1000000000,3,52678,0.001203
test,ss_varden,1000000000,3,32638,0.000941
test,ss_varden,1000000000,3,46094,0.001044
test,ss_varden,1000000000,3,126059,0.005687
test,ss_varden,1000000000,3,76449,0.003125
test,ss_varden,1000000000,3,35397,0.000694
test,ss_varden,1000000000,3,41052,0.000819
test,ss_varden,1000000000,3,49610,0.001682
test,ss_varden,1000000000,3,47828,0.000731
test,ss_varden,1000000000,3,46820,0.000646
test,ss_varden,1000000000,3,32966,0.000505
test,ss_varden,1000000000,3,444737,0.02101
test,ss_varden,1000000000,3,303709,0.013893
test,ss_varden,1000000000,3,284814,0.010908
test,ss_varden,1000000000,3,40154,0.001313
test,ss_varden,1000000000,3,33172,0.000724
test,ss_varden,1000000000,3,244660,0.005851
test,ss_varden,1000000000,3,47178,0.002394
test,ss_varden,1000000000,3,197482,0.004445
test,ss_varden,1000000000,3,70610,0.001586
test,ss_varden,1000000000,3,37235,0.000924
test,ss_varden,1000000000,3,33375,0.000895
test,ss_varden,1000000000,3,126872,0.002227
test,ss_varden,1000000000,3,57403,0.000969
test,ss_varden,1000000000,3,46493,0.0008
test,ss_varden,1000000000,3,36498,0.000744
test,ss_varden,1000000000,3,69469,0.001166
test,ss_varden,1000000000,3,62733,0.001024
test,ss_varden,1000000000,3,34445,0.000531
test,ss_varden,1000000000,3,141028,0.006996
test,ss_varden,1000000000,3,141028,0.006714
test,ss_varden,1000000000,3,41196,0.001123
test,ss_varden,1000000000,3,99832,0.002878
test,ss_varden,1000000000,3,32846,0.00093
test,ss_varden,1000000000,3,66986,0.001556
test,ss_varden,1000000000,3,60488,0.001362
test,ss_varden,1000000000,3,54495,0.001283
test,ss_varden,1000000000,3,206915,0.006632
test,ss_varden,1000000000,3,187103,0.005906
test,ss_varden,1000000000,3,41580,0.001439
test,ss_varden,1000000000,3,145523,0.003082
test,ss_varden,1000000000,3,136282,0.002209
test,ss_varden,1000000000,3,81192,0.001657
test,ss_varden,1000000000,3,62806,0.001156
test,ss_varden,1000000000,3,49327,0.00092
test,ss_varden,1000000000,3,33958,0.000625
test,ss_varden,1000000000,3,33336,0.000584
test,ss_varden,1000000000,3,55090,0.001235
test,ss_varden,1000000000,3,45534,0.001052
test,ss_varden,1000000000,3,43336,0.001005
test,ss_varden,1000000000,3,36115,0.000845
test,ss_varden,1000000000,3,956718,0.017542
test,ss_varden,1000000000,3,535127,0.014952
test,ss_varden,1000000000,3,262238,0.008263
test,ss_varden,1000000000,3,165853,0.002965
test,ss_varden,1000000000,3,39866,0.000741
test,ss_varden,1000000000,3,125987,0.001844
test,ss_varden,1000000000,3,62229,0.000991
test,ss_varden,1000000000,3,
cgal,ss_varden,1000000000,3,102,0.00029
cgal,ss_varden,1000000000,3,23,0.000106
cgal,ss_varden,1000000000,3,174,0.000607
cgal,ss_varden,1000000000,3,61,7.3e-05
cgal,ss_varden,1000000000,3,168,0.000316
cgal,ss_varden,1000000000,3,13,1.4e-05
cgal,ss_varden,1000000000,3,84,0.000137
cgal,ss_varden,1000000000,3,105,0.000197
cgal,ss_varden,1000000000,3,139,0.000321
cgal,ss_varden,1000000000,3,120,0.000203
cgal,ss_varden,1000000000,3,20,3.3e-05
cgal,ss_varden,1000000000,3,115,0.000112
cgal,ss_varden,1000000000,3,89,0.000334
cgal,ss_varden,1000000000,3,161,0.000288
cgal,ss_varden,1000000000,3,153,0.000324
cgal,ss_varden,1000000000,3,25,0.000188
cgal,ss_varden,1000000000,3,10,3.4e-05
cgal,ss_varden,1000000000,3,147,0.000148
cgal,ss_varden,1000000000,3,148,0.000186
cgal,ss_varden,1000000000,3,124,0.000246
cgal,ss_varden,1000000000,3,112,9.8e-05
cgal,ss_varden,1000000000,3,85,4.2e-05
cgal,ss_varden,1000000000,3,80,6.5e-05
cgal,ss_varden,1000000000,3,112,5.1e-05
cgal,ss_varden,1000000000,3,28,0.000386
cgal,ss_varden,1000000000,3,24,9.9e-05
cgal,ss_varden,1000000000,3,107,0.000162
cgal,ss_varden,1000000000,3,104,0.000313
cgal,ss_varden,1000000000,3,36,0.000141
cgal,ss_varden,1000000000,3,21,6.6e-05
cgal,ss_varden,1000000000,3,54,9.8e-05
cgal,ss_varden,1000000000,3,163,0.000165
cgal,ss_varden,1000000000,3,109,0.000228
cgal,ss_varden,1000000000,3,79,9.5e-05
cgal,ss_varden,1000000000,3,130,0.000105
cgal,ss_varden,1000000000,3,132,0.000148
cgal,ss_varden,1000000000,3,77,0.00011
cgal,ss_varden,1000000000,3,158,0.000191
cgal,ss_varden,1000000000,3,122,0.000232
cgal,ss_varden,1000000000,3,127,0.000191
cgal,ss_varden,1000000000,3,12,9.1e-05
cgal,ss_varden,1000000000,3,131,0.000134
cgal,ss_varden,1000000000,3,163,0.000183
cgal,ss_varden,1000000000,3,105,0.000157
cgal,ss_varden,1000000000,3,1,6e-06
cgal,ss_varden,1000000000,3,13,9e-05
cgal,ss_varden,1000000000,3,62,8.5e-05
cgal,ss_varden,1000000000,3,167,0.000129
cgal,ss_varden,1000000000,3,62,2.7e-05
cgal,ss_varden,1000000000,3,96,6.9e-05
cgal,ss_varden,1000000000,3,24,3.7e-05
cgal,ss_varden,1000000000,3,80,6.5e-05
cgal,ss_varden,1000000000,3,112,9e-05
cgal,ss_varden,1000000000,3,135,7.4e-05
cgal,ss_varden,1000000000,3,152,0.0001
cgal,ss_varden,1000000000,3,14,5.8e-05
cgal,ss_varden,1000000000,3,52,9.3e-05
cgal,ss_varden,1000000000,3,140,9.1e-05
cgal,ss_varden,1000000000,3,38,1.8e-05
cgal,ss_varden,1000000000,3,101,8.9e-05
cgal,ss_varden,1000000000,3,82,2.8e-05
cgal,ss_varden,1000000000,3,101,8.2e-05
cgal,ss_varden,1000000000,3,43,0.000124
cgal,ss_varden,1000000000,3,95,6.2e-05
cgal,ss_varden,1000000000,3,129,8.5e-05
cgal,ss_varden,1000000000,3,61,3.3e-05
cgal,ss_varden,1000000000,3,14,1.6e-05
cgal,ss_varden,1000000000,3,22,9.6e-05
cgal,ss_varden,1000000000,3,65,4.5e-05
cgal,ss_varden,1000000000,3,123,5.3e-05
cgal,ss_varden,1000000000,3,34,4.4e-05
cgal,ss_varden,1000000000,3,22,2.2e-05
cgal,ss_varden,1000000000,3,169,0.000151
cgal,ss_varden,1000000000,3,167,8.1e-05
cgal,ss_varden,1000000000,3,17,5.7e-05
cgal,ss_varden,1000000000,3,18,6.9e-05
cgal,ss_varden,1000000000,3,177,6.9e-05
cgal,ss_varden,1000000000,3,44,3.5e-05
cgal,ss_varden,1000000000,3,150,8.8e-05
cgal,ss_varden,1000000000,3,22,1.2e-05
cgal,ss_varden,1000000000,3,69,5.2e-05
cgal,ss_varden,1000000000,3,162,9.2e-05
cgal,ss_varden,1000000000,3,128,9.6e-05
cgal,ss_varden,1000000000,3,4,5e-06
cgal,ss_varden,1000000000,3,117,0.000113
cgal,ss_varden,1000000000,3,117,8.8e-05
cgal,ss_varden,1000000000,3,64,6.9e-05
cgal,ss_varden,1000000000,3,78,2.3e-05
cgal,ss_varden,1000000000,3,66,6.7e-05
cgal,ss_varden,1000000000,3,68,9.6e-05
cgal,ss_varden,1000000000,3,11,9e-06
cgal,ss_varden,1000000000,3,55,9.2e-05
cgal,ss_varden,1000000000,3,128,0.0001
cgal,ss_varden,1000000000,3,105,8.8e-05
cgal,ss_varden,1000000000,3,7,5.5e-05
cgal,ss_varden,1000000000,3,40,1.3e-05
cgal,ss_varden,1000000000,3,89,9.7e-05
cgal,ss_varden,1000000000,3,2,3.2e-05
cgal,ss_varden,1000000000,3,135,0.000118
cgal,ss_varden,1000000000,3,50,8.5e-05
cgal,ss_varden,1000000000,3,19477,0.005367
cgal,ss_varden,1000000000,3,23722,0.005658
cgal,ss_varden,1000000000,3,13309,0.002975
cgal,ss_varden,1000000000,3,18604,0.00329
cgal,ss_varden,1000000000,3,20148,0.004509
cgal,ss_varden,1000000000,3,3919,0.000826
cgal,ss_varden,1000000000,3,31127,0.005665
cgal,ss_varden,1000000000,3,7321,0.00154
cgal,ss_varden,1000000000,3,19211,0.003291
cgal,ss_varden,1000000000,3,10927,0.001817
cgal,ss_varden,1000000000,3,3070,0.000735
cgal,ss_varden,1000000000,3,10600,0.002605
cgal,ss_varden,1000000000,3,24282,0.004144
cgal,ss_varden,1000000000,3,5356,0.002238
cgal,ss_varden,1000000000,3,543,0.000104
cgal,ss_varden,1000000000,3,21085,0.003567
cgal,ss_varden,1000000000,3,20681,0.004258
cgal,ss_varden,1000000000,3,19219,0.002727
cgal,ss_varden,1000000000,3,12987,0.001897
cgal,ss_varden,1000000000,3,12427,0.001915
cgal,ss_varden,1000000000,3,8484,0.00144
cgal,ss_varden,1000000000,3,7198,0.005078
cgal,ss_varden,1000000000,3,27098,0.006587
cgal,ss_varden,1000000000,3,21199,0.005212
cgal,ss_varden,1000000000,3,10399,0.003205
cgal,ss_varden,1000000000,3,23774,0.004718
cgal,ss_varden,1000000000,3,8147,0.001593
cgal,ss_varden,1000000000,3,2792,0.001063
cgal,ss_varden,1000000000,3,19893,0.004148
cgal,ss_varden,1000000000,3,20290,0.003962
cgal,ss_varden,1000000000,3,8139,0.003028
cgal,ss_varden,1000000000,3,3624,0.000829
cgal,ss_varden,1000000000,3,10177,0.003049
cgal,ss_varden,1000000000,3,29263,0.005747
cgal,ss_varden,1000000000,3,31256,0.006377
cgal,ss_varden,1000000000,3,8207,0.001599
cgal,ss_varden,1000000000,3,7361,0.003763
cgal,ss_varden,1000000000,3,20067,0.004977
cgal,ss_varden,1000000000,3,962,0.000615
cgal,ss_varden,1000000000,3,20040,0.004751
cgal,ss_varden,1000000000,3,12565,0.002748
cgal,ss_varden,1000000000,3,20073,0.004592
cgal,ss_varden,1000000000,3,14336,0.003997
cgal,ss_varden,1000000000,3,25480,0.005534
cgal,ss_varden,1000000000,3,20614,0.004907
cgal,ss_varden,1000000000,3,21954,0.004036
cgal,ss_varden,1000000000,3,13443,0.00252
cgal,ss_varden,1000000000,3,13847,0.002135
cgal,ss_varden,1000000000,3,27205,0.003911
cgal,ss_varden,1000000000,3,1008,0.000685
cgal,ss_varden,1000000000,3,4823,0.000782
cgal,ss_varden,1000000000,3,28143,0.003715
cgal,ss_varden,1000000000,3,13854,0.002493
cgal,ss_varden,1000000000,3,1782,0.000787
cgal,ss_varden,1000000000,3,6982,0.001423
cgal,ss_varden,1000000000,3,18767,0.003897
cgal,ss_varden,1000000000,3,14405,0.002918
cgal,ss_varden,1000000000,3,19647,0.007975
cgal,ss_varden,1000000000,3,27531,0.009005
cgal,ss_varden,1000000000,3,21438,0.007145
cgal,ss_varden,1000000000,3,15797,0.003936
cgal,ss_varden,1000000000,3,21284,0.003828
cgal,ss_varden,1000000000,3,12091,0.002434
cgal,ss_varden,1000000000,3,10910,0.003976
cgal,ss_varden,1000000000,3,15059,0.003067
cgal,ss_varden,1000000000,3,21439,0.003693
cgal,ss_varden,1000000000,3,9995,0.002121
cgal,ss_varden,1000000000,3,28288,0.00528
cgal,ss_varden,1000000000,3,26099,0.005125
cgal,ss_varden,1000000000,3,8346,0.001591
cgal,ss_varden,1000000000,3,6736,0.002884
cgal,ss_varden,1000000000,3,18895,0.003477
cgal,ss_varden,1000000000,3,24202,0.005772
cgal,ss_varden,1000000000,3,16994,0.004262
cgal,ss_varden,1000000000,3,14428,0.002537
cgal,ss_varden,1000000000,3,18418,0.003733
cgal,ss_varden,1000000000,3,5993,0.003381
cgal,ss_varden,1000000000,3,26641,0.005896
cgal,ss_varden,1000000000,3,27854,0.005229
cgal,ss_varden,1000000000,3,6498,0.00188
cgal,ss_varden,1000000000,3,19812,0.007022
cgal,ss_varden,1000000000,3,30724,0.007313
cgal,ss_varden,1000000000,3,10856,0.002817
cgal,ss_varden,1000000000,3,13479,0.002279
cgal,ss_varden,1000000000,3,11212,0.002094
cgal,ss_varden,1000000000,3,22124,0.003664
cgal,ss_varden,1000000000,3,622,0.000125
cgal,ss_varden,1000000000,3,15369,0.002718
cgal,ss_varden,1000000000,3,18386,0.003192
cgal,ss_varden,1000000000,3,9556,0.001871
cgal,ss_varden,1000000000,3,2198,0.000434
cgal,ss_varden,1000000000,3,7221,0.001414
cgal,ss_varden,1000000000,3,11384,0.002081
cgal,ss_varden,1000000000,3,24731,0.004685
cgal,ss_varden,1000000000,3,9241,0.002325
cgal,ss_varden,1000000000,3,26312,0.004332
cgal,ss_varden,1000000000,3,13554,0.002522
cgal,ss_varden,1000000000,3,308,0.000204
cgal,ss_varden,1000000000,3,2028,0.000708
cgal,ss_varden,1000000000,3,8165,0.001209
cgal,ss_varden,1000000000,3,805512,0.111184
cgal,ss_varden,1000000000,3,306499,0.038652
cgal,ss_varden,1000000000,3,211073,0.026285
cgal,ss_varden,1000000000,3,191596,0.019456
cgal,ss_varden,1000000000,3,110829,0.01022
cgal,ss_varden,1000000000,3,75783,0.005045
cgal,ss_varden,1000000000,3,55635,0.003603
cgal,ss_varden,1000000000,3,37031,0.00207
cgal,ss_varden,1000000000,3,35046,0.00277
cgal,ss_varden,1000000000,3,80767,0.008799
cgal,ss_varden,1000000000,3,75411,0.00743
cgal,ss_varden,1000000000,3,68090,0.005389
cgal,ss_varden,1000000000,3,48879,0.003312
cgal,ss_varden,1000000000,3,37952,0.002415
cgal,ss_varden,1000000000,3,34882,0.00226
cgal,ss_varden,1000000000,3,95426,0.012363
cgal,ss_varden,1000000000,3,94883,0.010287
cgal,ss_varden,1000000000,3,86399,0.0051
cgal,ss_varden,1000000000,3,41766,0.002414
cgal,ss_varden,1000000000,3,44633,0.002702
cgal,ss_varden,1000000000,3,32206,0.001848
cgal,ss_varden,1000000000,3,499013,0.070994
cgal,ss_varden,1000000000,3,372954,0.05082
cgal,ss_varden,1000000000,3,191993,0.027531
cgal,ss_varden,1000000000,3,184795,0.026051
cgal,ss_varden,1000000000,3,48297,0.006771
cgal,ss_varden,1000000000,3,136498,0.014714
cgal,ss_varden,1000000000,3,93434,0.00692
cgal,ss_varden,1000000000,3,83035,0.005716
cgal,ss_varden,1000000000,3,31921,0.003439
cgal,ss_varden,1000000000,3,51114,0.004012
cgal,ss_varden,1000000000,3,42975,0.003544
cgal,ss_varden,1000000000,3,40183,0.003124
cgal,ss_varden,1000000000,3,43064,0.004397
cgal,ss_varden,1000000000,3,39440,0.003553
cgal,ss_varden,1000000000,3,180961,0.028096
cgal,ss_varden,1000000000,3,66891,0.011428
cgal,ss_varden,1000000000,3,46824,0.005471
cgal,ss_varden,1000000000,3,39463,0.003542
cgal,ss_varden,1000000000,3,114070,0.018806
cgal,ss_varden,1000000000,3,67976,0.009578
cgal,ss_varden,1000000000,3,67014,0.005913
cgal,ss_varden,1000000000,3,52678,0.00455
cgal,ss_varden,1000000000,3,32638,0.003536
cgal,ss_varden,1000000000,3,46094,0.006276
cgal,ss_varden,1000000000,3,126059,0.017509
cgal,ss_varden,1000000000,3,76449,0.009187
cgal,ss_varden,1000000000,3,35397,0.002559
cgal,ss_varden,1000000000,3,41052,0.002457
cgal,ss_varden,1000000000,3,49610,0.005927
cgal,ss_varden,1000000000,3,47828,0.00322
cgal,ss_varden,1000000000,3,46820,0.00225
cgal,ss_varden,1000000000,3,32966,0.001635
cgal,ss_varden,1000000000,3,444737,0.079268
cgal,ss_varden,1000000000,3,303709,0.052677
cgal,ss_varden,1000000000,3,284814,0.04491
cgal,ss_varden,1000000000,3,40154,0.007153
cgal,ss_varden,1000000000,3,33172,0.004184
cgal,ss_varden,1000000000,3,244660,0.035517
cgal,ss_varden,1000000000,3,47178,0.012241
cgal,ss_varden,1000000000,3,197482,0.026408
cgal,ss_varden,1000000000,3,70610,0.00771
cgal,ss_varden,1000000000,3,37235,0.004267
cgal,ss_varden,1000000000,3,33375,0.003273
cgal,ss_varden,1000000000,3,126872,0.014499
cgal,ss_varden,1000000000,3,57403,0.005418
cgal,ss_varden,1000000000,3,46493,0.003834
cgal,ss_varden,1000000000,3,36498,0.002624
cgal,ss_varden,1000000000,3,69469,0.007024
cgal,ss_varden,1000000000,3,62733,0.005395
cgal,ss_varden,1000000000,3,34445,0.001955
cgal,ss_varden,1000000000,3,141028,0.029004
cgal,ss_varden,1000000000,3,141028,0.027395
cgal,ss_varden,1000000000,3,41196,0.008417
cgal,ss_varden,1000000000,3,99832,0.014147
cgal,ss_varden,1000000000,3,32846,0.002564
cgal,ss_varden,1000000000,3,66986,0.005013
cgal,ss_varden,1000000000,3,60488,0.003734
cgal,ss_varden,1000000000,3,54495,0.00346
cgal,ss_varden,1000000000,3,206915,0.033867
cgal,ss_varden,1000000000,3,187103,0.02508
cgal,ss_varden,1000000000,3,41580,0.006101
cgal,ss_varden,1000000000,3,145523,0.013249
cgal,ss_varden,1000000000,3,136282,0.007798
cgal,ss_varden,1000000000,3,81192,0.005267
cgal,ss_varden,1000000000,3,62806,0.003729
cgal,ss_varden,1000000000,3,49327,0.002622
cgal,ss_varden,1000000000,3,33958,0.001787
cgal,ss_varden,1000000000,3,33336,0.00169
cgal,ss_varden,1000000000,3,55090,0.003743
cgal,ss_varden,1000000000,3,45534,0.002969
cgal,ss_varden,1000000000,3,43336,0.002608
cgal,ss_varden,1000000000,3,36115,0.002205
cgal,ss_varden,1000000000,3,956718,0.13158
cgal,ss_varden,1000000000,3,535127,0.066647
cgal,ss_varden,1000000000,3,262238,0.029528
cgal,ss_varden,1000000000,3,165853,0.016052
cgal,ss_varden,1000000000,3,39866,0.002961
cgal,ss_varden,1000000000,3,125987,0.006946
cgal,ss_varden,1000000000,3,62229,0.003118
cgal,ss_varden,1000000000,3,
test_count,ss_varden,1000000000,3,102,0.000212
test_count,ss_varden,1000000000,3,23,6.6e-05
test_count,ss_varden,1000000000,3,174,0.000644
test_count,ss_varden,1000000000,3,61,4e-05
test_count,ss_varden,1000000000,3,168,0.000106
test_count,ss_varden,1000000000,3,13,4e-06
test_count,ss_varden,1000000000,3,84,6.3e-05
test_count,ss_varden,1000000000,3,105,7.5e-05
test_count,ss_varden,1000000000,3,139,0.000112
test_count,ss_varden,1000000000,3,120,9.2e-05
test_count,ss_varden,1000000000,3,20,7e-06
test_count,ss_varden,1000000000,3,115,4.6e-05
test_count,ss_varden,1000000000,3,89,0.000125
test_count,ss_varden,1000000000,3,161,0.00015
test_count,ss_varden,1000000000,3,153,0.000126
test_count,ss_varden,1000000000,3,25,7.1e-05
test_count,ss_varden,1000000000,3,10,1.8e-05
test_count,ss_varden,1000000000,3,147,4.8e-05
test_count,ss_varden,1000000000,3,148,5.9e-05
test_count,ss_varden,1000000000,3,124,8.6e-05
test_count,ss_varden,1000000000,3,112,3.7e-05
test_count,ss_varden,1000000000,3,85,2e-05
test_count,ss_varden,1000000000,3,80,2.3e-05
test_count,ss_varden,1000000000,3,112,1.4e-05
test_count,ss_varden,1000000000,3,28,0.000135
test_count,ss_varden,1000000000,3,24,5e-05
test_count,ss_varden,1000000000,3,107,8.8e-05
test_count,ss_varden,1000000000,3,104,0.000249
test_count,ss_varden,1000000000,3,36,6.4e-05
test_count,ss_varden,1000000000,3,21,2e-05
test_count,ss_varden,1000000000,3,54,4.5e-05
test_count,ss_varden,1000000000,3,163,5.7e-05
test_count,ss_varden,1000000000,3,109,0.000113
test_count,ss_varden,1000000000,3,79,2.5e-05
test_count,ss_varden,1000000000,3,130,3.4e-05
test_count,ss_varden,1000000000,3,132,5.2e-05
test_count,ss_varden,1000000000,3,77,2.6e-05
test_count,ss_varden,1000000000,3,158,7.6e-05
test_count,ss_varden,1000000000,3,122,0.000131
test_count,ss_varden,1000000000,3,127,0.000101
test_count,ss_varden,1000000000,3,12,3.6e-05
test_count,ss_varden,1000000000,3,131,3.6e-05
test_count,ss_varden,1000000000,3,163,6.1e-05
test_count,ss_varden,1000000000,3,105,5.6e-05
test_count,ss_varden,1000000000,3,1,1e-06
test_count,ss_varden,1000000000,3,13,3.2e-05
test_count,ss_varden,1000000000,3,62,3.6e-05
test_count,ss_varden,1000000000,3,167,5.4e-05
test_count,ss_varden,1000000000,3,62,1e-05
test_count,ss_varden,1000000000,3,96,2.6e-05
test_count,ss_varden,1000000000,3,24,2.1e-05
test_count,ss_varden,1000000000,3,80,4.5e-05
test_count,ss_varden,1000000000,3,112,3.6e-05
test_count,ss_varden,1000000000,3,135,4.5e-05
test_count,ss_varden,1000000000,3,152,5.7e-05
test_count,ss_varden,1000000000,3,14,2.9e-05
test_count,ss_varden,1000000000,3,52,5.5e-05
test_count,ss_varden,1000000000,3,140,4.8e-05
test_count,ss_varden,1000000000,3,38,1e-05
test_count,ss_varden,1000000000,3,101,5.1e-05
test_count,ss_varden,1000000000,3,82,1.5e-05
test_count,ss_varden,1000000000,3,101,3.3e-05
test_count,ss_varden,1000000000,3,43,7.9e-05
test_count,ss_varden,1000000000,3,95,2.1e-05
test_count,ss_varden,1000000000,3,129,3.6e-05
test_count,ss_varden,1000000000,3,61,9e-06
test_count,ss_varden,1000000000,3,14,1e-05
test_count,ss_varden,1000000000,3,22,4e-05
test_count,ss_varden,1000000000,3,65,2.5e-05
test_count,ss_varden,1000000000,3,123,2.4e-05
test_count,ss_varden,1000000000,3,34,2.3e-05
test_count,ss_varden,1000000000,3,22,1e-05
test_count,ss_varden,1000000000,3,169,8.2e-05
test_count,ss_varden,1000000000,3,167,4.2e-05
test_count,ss_varden,1000000000,3,17,3.1e-05
test_count,ss_varden,1000000000,3,18,3.3e-05
test_count,ss_varden,1000000000,3,177,4e-05
test_count,ss_varden,1000000000,3,44,1.8e-05
test_count,ss_varden,1000000000,3,150,3e-05
test_count,ss_varden,1000000000,3,22,3e-06
test_count,ss_varden,1000000000,3,69,2.7e-05
test_count,ss_varden,1000000000,3,162,5.4e-05
test_count,ss_varden,1000000000,3,128,5.6e-05
test_count,ss_varden,1000000000,3,4,1e-06
test_count,ss_varden,1000000000,3,117,5.5e-05
test_count,ss_varden,1000000000,3,117,3.3e-05
test_count,ss_varden,1000000000,3,64,2.9e-05
test_count,ss_varden,1000000000,3,78,9e-06
test_count,ss_varden,1000000000,3,66,5.2e-05
test_count,ss_varden,1000000000,3,68,3.7e-05
test_count,ss_varden,1000000000,3,11,2e-06
test_count,ss_varden,1000000000,3,55,3.7e-05
test_count,ss_varden,1000000000,3,128,3.9e-05
test_count,ss_varden,1000000000,3,105,4.5e-05
test_count,ss_varden,1000000000,3,7,3.1e-05
test_count,ss_varden,1000000000,3,40,6e-06
test_count,ss_varden,1000000000,3,89,5e-05
test_count,ss_varden,1000000000,3,2,1.8e-05
test_count,ss_varden,1000000000,3,135,5.1e-05
test_count,ss_varden,1000000000,3,50,4.5e-05
test_count,ss_varden,1000000000,3,19477,0.001752
test_count,ss_varden,1000000000,3,23722,0.001138
test_count,ss_varden,1000000000,3,13309,0.000742
test_count,ss_varden,1000000000,3,18604,0.000614
test_count,ss_varden,1000000000,3,20148,0.001251
test_count,ss_varden,1000000000,3,3919,0.0002
test_count,ss_varden,1000000000,3,31127,0.001076
test_count,ss_varden,1000000000,3,7321,0.000382
test_count,ss_varden,1000000000,3,19211,0.000589
test_count,ss_varden,1000000000,3,10927,0.000296
test_count,ss_varden,1000000000,3,3070,0.000182
test_count,ss_varden,1000000000,3,10600,0.000684
test_count,ss_varden,1000000000,3,24282,0.000997
test_count,ss_varden,1000000000,3,5356,0.000887
test_count,ss_varden,1000000000,3,543,4.6e-05
test_count,ss_varden,1000000000,3,21085,0.000788
test_count,ss_varden,1000000000,3,20681,0.000897
test_count,ss_varden,1000000000,3,19219,0.000457
test_count,ss_varden,1000000000,3,12987,0.000343
test_count,ss_varden,1000000000,3,12427,0.000315
test_count,ss_varden,1000000000,3,8484,0.000226
test_count,ss_varden,1000000000,3,7198,0.002025
test_count,ss_varden,1000000000,3,27098,0.001404
test_count,ss_varden,1000000000,3,21199,0.001595
test_count,ss_varden,1000000000,3,10399,0.000872
test_count,ss_varden,1000000000,3,23774,0.001002
test_count,ss_varden,1000000000,3,8147,0.000374
test_count,ss_varden,1000000000,3,2792,0.00022
test_count,ss_varden,1000000000,3,19893,0.000887
test_count,ss_varden,1000000000,3,20290,0.000879
test_count,ss_varden,1000000000,3,8139,0.000796
test_count,ss_varden,1000000000,3,3624,0.000136
test_count,ss_varden,1000000000,3,10177,0.000554
test_count,ss_varden,1000000000,3,29263,0.000969
test_count,ss_varden,1000000000,3,31256,0.001346
test_count,ss_varden,1000000000,3,8207,0.000395
test_count,ss_varden,1000000000,3,7361,0.001094
test_count,ss_varden,1000000000,3,20067,0.001039
test_count,ss_varden,1000000000,3,962,0.000124
test_count,ss_varden,1000000000,3,20040,0.001075
test_count,ss_varden,1000000000,3,12565,0.000595
test_count,ss_varden,1000000000,3,20073,0.001054
test_count,ss_varden,1000000000,3,14336,0.001058
test_count,ss_varden,1000000000,3,25480,0.001034
test_count,ss_varden,1000000000,3,20614,0.001189
test_count,ss_varden,1000000000,3,21954,0.000659
test_count,ss_varden,1000000000,3,13443,0.000427
test_count,ss_varden,1000000000,3,13847,0.000395
test_count,ss_varden,1000000000,3,27205,0.000551
test_count,ss_varden,1000000000,3,1008,0.000123
test_count,ss_varden,1000000000,3,4823,0.000111
test_count,ss_varden,1000000000,3,28143,0.000597
test_count,ss_varden,1000000000,3,13854,0.000431
test_count,ss_varden,1000000000,3,1782,0.000247
test_count,ss_varden,1000000000,3,6982,0.000219
test_count,ss_varden,1000000000,3,18767,0.000526
test_count,ss_varden,1000000000,3,14405,0.000375
test_count,ss_varden,1000000000,3,19647,0.001562
test_count,ss_varden,1000000000,3,27531,0.001768
test_count,ss_varden,1000000000,3,21438,0.001438
test_count,ss_varden,1000000000,3,15797,0.000866
test_count,ss_varden,1000000000,3,21284,0.000708
test_count,ss_varden,1000000000,3,12091,0.000531
test_count,ss_varden,1000000000,3,10910,0.000768
test_count,ss_varden,1000000000,3,15059,0.00069
test_count,ss_varden,1000000000,3,21439,0.000949
test_count,ss_varden,1000000000,3,9995,0.000657
test_count,ss_varden,1000000000,3,28288,0.000857
test_count,ss_varden,1000000000,3,26099,0.000749
test_count,ss_varden,1000000000,3,8346,0.000265
test_count,ss_varden,1000000000,3,6736,0.000733
test_count,ss_varden,1000000000,3,18895,0.000543
test_count,ss_varden,1000000000,3,24202,0.000743
test_count,ss_varden,1000000000,3,16994,0.000575
test_count,ss_varden,1000000000,3,14428,0.00041
test_count,ss_varden,1000000000,3,18418,0.000646
test_count,ss_varden,1000000000,3,5993,0.000779
test_count,ss_varden,1000000000,3,26641,0.001118
test_count,ss_varden,1000000000,3,27854,0.001009
test_count,ss_varden,1000000000,3,6498,0.00047
test_count,ss_varden,1000000000,3,19812,0.001469
test_count,ss_varden,1000000000,3,30724,0.000986
test_count,ss_varden,1000000000,3,10856,0.000451
test_count,ss_varden,1000000000,3,13479,0.000337
test_count,ss_varden,1000000000,3,11212,0.000313
test_count,ss_varden,1000000000,3,22124,0.000407
test_count,ss_varden,1000000000,3,622,3.2e-05
test_count,ss_varden,1000000000,3,15369,0.000397
test_count,ss_varden,1000000000,3,18386,0.000448
test_count,ss_varden,1000000000,3,9556,0.000329
test_count,ss_varden,1000000000,3,2198,8.9e-05
test_count,ss_varden,1000000000,3,7221,0.000234
test_count,ss_varden,1000000000,3,11384,0.000313
test_count,ss_varden,1000000000,3,24731,0.000671
test_count,ss_varden,1000000000,3,9241,0.000682
test_count,ss_varden,1000000000,3,26312,0.000603
test_count,ss_varden,1000000000,3,13554,0.000355
test_count,ss_varden,1000000000,3,308,9.2e-05
test_count,ss_varden,1000000000,3,2028,0.000206
test_count,ss_varden,1000000000,3,8165,0.000219
test_count,ss_varden,1000000000,3,805512,0.014005
test_count,ss_varden,1000000000,3,306499,0.005427
test_count,ss_varden,1000000000,3,211073,0.001434
test_count,ss_varden,1000000000,3,191596,0.00107
test_count,ss_varden,1000000000,3,110829,0.001653
test_count,ss_varden,1000000000,3,75783,0.001039
test_count,ss_varden,1000000000,3,55635,0.000878
test_count,ss_varden,1000000000,3,37031,0.000436
test_count,ss_varden,1000000000,3,35046,0.000528
test_count,ss_varden,1000000000,3,80767,0.000851
test_count,ss_varden,1000000000,3,75411,0.000908
test_count,ss_varden,1000000000,3,68090,0.000877
test_count,ss_varden,1000000000,3,48879,0.000613
test_count,ss_varden,1000000000,3,37952,0.000487
test_count,ss_varden,1000000000,3,34882,0.000462
test_count,ss_varden,1000000000,3,95426,0.000655
test_count,ss_varden,1000000000,3,94883,0.000478
test_count,ss_varden,1000000000,3,86399,0.000412
test_count,ss_varden,1000000000,3,41766,0.000654
test_count,ss_varden,1000000000,3,44633,0.000594
test_count,ss_varden,1000000000,3,32206,0.000298
test_count,ss_varden,1000000000,3,499013,0.007767
test_count,ss_varden,1000000000,3,372954,0.002719
test_count,ss_varden,1000000000,3,191993,0.003053
test_count,ss_varden,1000000000,3,184795,0.002213
test_count,ss_varden,1000000000,3,48297,0.001227
test_count,ss_varden,1000000000,3,136498,0.001721
test_count,ss_varden,1000000000,3,93434,0.001027
test_count,ss_varden,1000000000,3,83035,0.001149
test_count,ss_varden,1000000000,3,31921,0.001314
test_count,ss_varden,1000000000,3,51114,0.001062
test_count,ss_varden,1000000000,3,42975,0.000895
test_count,ss_varden,1000000000,3,40183,0.000812
test_count,ss_varden,1000000000,3,43064,0.000542
test_count,ss_varden,1000000000,3,39440,0.000471
test_count,ss_varden,1000000000,3,180961,0.001915
test_count,ss_varden,1000000000,3,66891,0.002405
test_count,ss_varden,1000000000,3,46824,0.001557
test_count,ss_varden,1000000000,3,39463,0.000964
test_count,ss_varden,1000000000,3,114070,0.001877
test_count,ss_varden,1000000000,3,67976,0.001013
test_count,ss_varden,1000000000,3,67014,0.000952
test_count,ss_varden,1000000000,3,52678,0.001065
test_count,ss_varden,1000000000,3,32638,0.001033
test_count,ss_varden,1000000000,3,46094,0.000656
test_count,ss_varden,1000000000,3,126059,0.001314
test_count,ss_varden,1000000000,3,76449,0.000599
test_count,ss_varden,1000000000,3,35397,0.000389
test_count,ss_varden,1000000000,3,41052,0.00039
test_count,ss_varden,1000000000,3,49610,0.000404
test_count,ss_varden,1000000000,3,47828,0.000322
test_count,ss_varden,1000000000,3,46820,0.000309
test_count,ss_varden,1000000000,3,32966,0.00031
test_count,ss_varden,1000000000,3,444737,0.009402
test_count,ss_varden,1000000000,3,303709,0.006302
test_count,ss_varden,1000000000,3,284814,0.003316
test_count,ss_varden,1000000000,3,40154,0.000424
test_count,ss_varden,1000000000,3,33172,0.000318
test_count,ss_varden,1000000000,3,244660,0.001868
test_count,ss_varden,1000000000,3,47178,0.002077
test_count,ss_varden,1000000000,3,197482,0.002488
test_count,ss_varden,1000000000,3,70610,0.000696
test_count,ss_varden,1000000000,3,37235,0.001139
test_count,ss_varden,1000000000,3,33375,0.000932
test_count,ss_varden,1000000000,3,126872,0.001288
test_count,ss_varden,1000000000,3,57403,0.000586
test_count,ss_varden,1000000000,3,46493,0.000713
test_count,ss_varden,1000000000,3,36498,0.000778
test_count,ss_varden,1000000000,3,69469,0.000621
test_count,ss_varden,1000000000,3,62733,0.00074
test_count,ss_varden,1000000000,3,34445,0.000369
test_count,ss_varden,1000000000,3,141028,0.003475
test_count,ss_varden,1000000000,3,141028,0.00214
test_count,ss_varden,1000000000,3,41196,0.000456
test_count,ss_varden,1000000000,3,99832,0.000947
test_count,ss_varden,1000000000,3,32846,0.000523
test_count,ss_varden,1000000000,3,66986,0.000731
test_count,ss_varden,1000000000,3,60488,0.000689
test_count,ss_varden,1000000000,3,54495,0.00072
test_count,ss_varden,1000000000,3,206915,0.001857
test_count,ss_varden,1000000000,3,187103,0.001901
test_count,ss_varden,1000000000,3,41580,0.001259
test_count,ss_varden,1000000000,3,145523,0.001104
test_count,ss_varden,1000000000,3,136282,0.000935
test_count,ss_varden,1000000000,3,81192,0.001309
test_count,ss_varden,1000000000,3,62806,0.000973
test_count,ss_varden,1000000000,3,49327,0.000483
test_count,ss_varden,1000000000,3,33958,0.000307
test_count,ss_varden,1000000000,3,33336,0.000255
test_count,ss_varden,1000000000,3,55090,0.000846
test_count,ss_varden,1000000000,3,45534,0.000516
test_count,ss_varden,1000000000,3,43336,0.000463
test_count,ss_varden,1000000000,3,36115,0.000436
test_count,ss_varden,1000000000,3,956718,0.005104
test_count,ss_varden,1000000000,3,535127,0.004149
test_count,ss_varden,1000000000,3,262238,0.002688
test_count,ss_varden,1000000000,3,165853,0.001526
test_count,ss_varden,1000000000,3,39866,0.000358
test_count,ss_varden,1000000000,3,125987,0.000534
test_count,ss_varden,1000000000,3,62229,0.000386
test_count,ss_varden,1000000000,3,
